"age","lower.bound","upper.bound","mu","sigma"
"0-14",0.24,0.49,-1.07023312175881,0.216969600232927
"65+",1.12,1.92,0.382826935673347,0.163843302498487
